,Country/Region,Date,Confirmed,Deaths,Recovered,Active,Daily Confirmed,Daily Deaths,Daily Recovered,Daily Active
0,India,2020-01-22,0,0,0,0,0,0,0,0
1,India,2020-01-23,0,0,0,0,0,0,0,0
2,India,2020-01-24,0,0,0,0,0,0,0,0
3,India,2020-01-25,0,0,0,0,0,0,0,0
4,India,2020-01-26,0,0,0,0,0,0,0,0
5,India,2020-01-27,0,0,0,0,0,0,0,0
6,India,2020-01-28,0,0,0,0,0,0,0,0
7,India,2020-01-29,0,0,0,0,0,0,0,0
8,India,2020-01-30,1,0,0,1,1,0,0,1
9,India,2020-01-31,1,0,0,1,0,0,0,0
10,India,2020-02-01,1,0,0,1,0,0,0,0
11,India,2020-02-02,2,0,0,2,1,0,0,1
12,India,2020-02-03,3,0,0,3,1,0,0,1
13,India,2020-02-04,3,0,0,3,0,0,0,0
14,India,2020-02-05,3,0,0,3,0,0,0,0
15,India,2020-02-06,3,0,0,3,0,0,0,0
16,India,2020-02-07,3,0,0,3,0,0,0,0
17,India,2020-02-08,3,0,0,3,0,0,0,0
18,India,2020-02-09,3,0,0,3,0,0,0,0
19,India,2020-02-10,3,0,0,3,0,0,0,0
20,India,2020-02-11,3,0,0,3,0,0,0,0
21,India,2020-02-12,3,0,0,3,0,0,0,0
22,India,2020-02-13,3,0,0,3,0,0,0,0
23,India,2020-02-14,3,0,0,3,0,0,0,0
24,India,2020-02-15,3,0,0,3,0,0,0,0
25,India,2020-02-16,3,0,3,0,0,0,3,0
26,India,2020-02-17,3,0,3,0,0,0,0,0
27,India,2020-02-18,3,0,3,0,0,0,0,0
28,India,2020-02-19,3,0,3,0,0,0,0,0
29,India,2020-02-20,3,0,3,0,0,0,0,0
30,India,2020-02-21,3,0,3,0,0,0,0,0
31,India,2020-02-22,3,0,3,0,0,0,0,0
32,India,2020-02-23,3,0,3,0,0,0,0,0
33,India,2020-02-24,3,0,3,0,0,0,0,0
34,India,2020-02-25,3,0,3,0,0,0,0,0
35,India,2020-02-26,3,0,3,0,0,0,0,0
36,India,2020-02-27,3,0,3,0,0,0,0,0
37,India,2020-02-28,3,0,3,0,0,0,0,0
38,India,2020-02-29,3,0,3,0,0,0,0,0
39,India,2020-03-01,3,0,3,0,0,0,0,0
40,India,2020-03-02,5,0,3,2,2,0,0,2
41,India,2020-03-03,5,0,3,2,0,0,0,0
42,India,2020-03-04,28,0,3,25,23,0,0,23
43,India,2020-03-05,30,0,3,27,2,0,0,2
44,India,2020-03-06,31,0,3,28,1,0,0,1
45,India,2020-03-07,34,0,3,31,3,0,0,3
46,India,2020-03-08,39,0,3,36,5,0,0,5
47,India,2020-03-09,43,0,3,40,4,0,0,4
48,India,2020-03-10,56,0,4,52,13,0,1,12
49,India,2020-03-11,62,1,4,57,6,1,0,5
50,India,2020-03-12,73,1,4,68,11,0,0,11
51,India,2020-03-13,82,2,4,76,9,1,0,8
52,India,2020-03-14,102,2,4,96,20,0,0,20
53,India,2020-03-15,113,2,13,98,11,0,9,2
54,India,2020-03-16,119,2,13,104,6,0,0,6
55,India,2020-03-17,142,3,14,125,23,1,1,21
56,India,2020-03-18,156,3,14,139,14,0,0,14
57,India,2020-03-19,194,4,15,175,38,1,1,36
58,India,2020-03-20,244,5,20,219,50,1,5,44
59,India,2020-03-21,330,4,23,303,86,0,3,84
60,India,2020-03-22,396,7,27,362,66,3,4,59
61,India,2020-03-23,499,10,27,462,103,3,0,100
62,India,2020-03-24,536,10,40,486,37,0,13,24
63,India,2020-03-25,657,12,43,602,121,2,3,116
64,India,2020-03-26,727,20,45,662,70,8,2,60
65,India,2020-03-27,887,20,73,794,160,0,28,132
66,India,2020-03-28,987,24,84,879,100,4,11,85
67,India,2020-03-29,1024,27,95,902,37,3,11,23
68,India,2020-03-30,1251,32,102,1117,227,5,7,215
69,India,2020-03-31,1397,35,123,1239,146,3,21,122
70,India,2020-04-01,1998,58,148,1792,601,23,25,553
71,India,2020-04-02,2543,72,191,2280,545,14,43,488
72,India,2020-04-03,2567,72,192,2303,24,0,1,23
73,India,2020-04-04,3082,86,229,2767,515,14,37,464
74,India,2020-04-05,3588,99,229,3260,506,13,0,493
75,India,2020-04-06,4778,136,375,4267,1190,37,146,1007
76,India,2020-04-07,5311,150,421,4740,533,14,46,473
77,India,2020-04-08,5916,178,506,5232,605,28,85,492
78,India,2020-04-09,6725,226,620,5879,809,48,114,647
79,India,2020-04-10,7598,246,774,6578,873,20,154,699
80,India,2020-04-11,8446,288,969,7189,848,42,195,611
81,India,2020-04-12,9205,331,1080,7794,759,43,111,605
82,India,2020-04-13,10453,358,1181,8914,1248,27,101,1120
83,India,2020-04-14,11487,393,1359,9735,1034,35,178,821
84,India,2020-04-15,12322,405,1432,10485,835,12,73,750
85,India,2020-04-16,13430,448,1768,11214,1108,43,336,729
86,India,2020-04-17,14352,486,2041,11825,922,38,273,611
87,India,2020-04-18,15722,521,2463,12738,1370,35,422,913
88,India,2020-04-19,17615,559,2854,14202,1893,38,391,1464
89,India,2020-04-20,18539,592,3273,14674,924,33,419,472
90,India,2020-04-21,20080,645,3975,15460,1541,53,702,786
91,India,2020-04-22,21370,681,4370,16319,1290,36,395,859
92,India,2020-04-23,23077,721,5012,17344,1707,40,642,1025
93,India,2020-04-24,24530,780,5498,18252,1453,59,486,908
94,India,2020-04-25,26283,825,5939,19519,1753,45,441,1267
95,India,2020-04-26,27890,881,6523,20486,1607,56,584,967
96,India,2020-04-27,29451,939,7137,21375,1561,58,614,889
97,India,2020-04-28,31324,1008,7747,22569,1873,69,610,1194
98,India,2020-04-29,33062,1079,8437,23546,1738,71,690,977
99,India,2020-04-30,34863,1154,9068,24641,1801,75,631,1095
100,India,2020-05-01,37257,1223,10007,26027,2394,69,939,1386
101,India,2020-05-02,39699,1323,10819,27557,2442,100,812,1530
102,India,2020-05-03,42505,1391,11775,29339,2806,68,956,1782
103,India,2020-05-04,46437,1566,12847,32024,3932,175,1072,2685
104,India,2020-05-05,49400,1693,14142,33565,2963,127,1295,1541
105,India,2020-05-06,52987,1785,15331,35871,3587,92,1189,2306
106,India,2020-05-07,56351,1889,16776,37686,3364,104,1445,1815
107,India,2020-05-08,59695,1985,17887,39823,3344,96,1111,2137
108,India,2020-05-09,62808,2101,19301,41406,3113,116,1414,1583
109,India,2020-05-10,67161,2212,20969,43980,4353,111,1668,2574
110,India,2020-05-11,70768,2294,22549,45925,3607,82,1580,1945
111,India,2020-05-12,74292,2415,24420,47457,3524,121,1871,1532
112,India,2020-05-13,78055,2551,26400,49104,3763,136,1980,1647
113,India,2020-05-14,81997,2649,27969,51379,3942,98,1569,2275
114,India,2020-05-15,85784,2753,30258,52773,3787,104,2289,1394
115,India,2020-05-16,90648,2871,34224,53553,4864,118,3966,780
116,India,2020-05-17,95698,3025,36795,55878,5050,154,2571,2325
117,India,2020-05-18,100328,3156,39233,57939,4630,131,2438,2061
118,India,2020-05-19,106475,3302,42309,60864,6147,146,3076,2925
119,India,2020-05-20,112028,3434,45422,63172,5553,132,3113,2308
120,India,2020-05-21,118226,3584,48553,66089,6198,150,3131,2917
121,India,2020-05-22,124794,3726,51824,69244,6568,142,3271,3155
122,India,2020-05-23,131423,3868,54385,73170,6629,142,2561,3926
123,India,2020-05-24,138536,4024,57692,76820,7113,156,3307,3650
124,India,2020-05-25,144950,4172,60706,80072,6414,148,3014,3252
125,India,2020-05-26,150793,4344,64277,82172,5843,172,3571,2100
126,India,2020-05-27,158086,4534,67749,85803,7293,190,3472,3631
127,India,2020-05-28,165386,4711,70920,89755,7300,177,3171,3952
128,India,2020-05-29,173491,4980,82627,85884,8105,269,11707,0
129,India,2020-05-30,181827,5185,86936,89706,8336,205,4309,3822
130,India,2020-05-31,190609,5408,91852,93349,8782,223,4916,3643
131,India,2020-06-01,198370,5608,95754,97008,7761,200,3902,3659
132,India,2020-06-02,207191,5829,100285,101077,8821,221,4531,4069
133,India,2020-06-03,216824,6088,104071,106665,9633,259,3786,5588
134,India,2020-06-04,226713,6363,108450,111900,9889,275,4379,5235
135,India,2020-06-05,236184,6649,113233,116302,9471,286,4783,4402
136,India,2020-06-06,246622,6946,118695,120981,10438,297,5462,4679
137,India,2020-06-07,257486,7207,123848,126431,10864,261,5153,5450
138,India,2020-06-08,265928,7473,129095,129360,8442,266,5247,2929
139,India,2020-06-09,276146,7750,134670,133726,10218,277,5575,4366
140,India,2020-06-10,286605,8102,135206,143297,10459,352,536,9571
141,India,2020-06-11,297535,8498,147195,141842,10930,396,11989,0
142,India,2020-06-12,308993,8884,154330,145779,11458,386,7135,3937
143,India,2020-06-13,320922,9195,162379,149348,11929,311,8049,3569
144,India,2020-06-14,332424,9520,169798,153106,11502,325,7419,3758
145,India,2020-06-15,343091,9900,180013,153178,10667,380,10215,72
146,India,2020-06-16,354065,11903,186935,155227,10974,2003,6922,2049
147,India,2020-06-17,366946,12237,194325,160384,12881,334,7390,5157
148,India,2020-06-18,380532,12573,204711,163248,13586,336,10386,2864
149,India,2020-06-19,395048,12948,213831,168269,14516,375,9120,5021
150,India,2020-06-20,410451,13254,227728,169469,15403,306,13897,1200
151,India,2020-06-21,425282,13699,237196,174387,14831,445,9468,4918
152,India,2020-06-22,440215,14011,248190,178014,14933,312,10994,3627
153,India,2020-06-23,456183,14476,258685,183022,15968,465,10495,5008
154,India,2020-06-24,473105,14894,271697,186514,16922,418,13012,3492
155,India,2020-06-25,490401,15301,285637,189463,17296,407,13940,2949
156,India,2020-06-26,508953,15685,295881,197387,18552,384,10244,7924
157,India,2020-06-27,528859,16095,309713,203051,19906,410,13832,5664
158,India,2020-06-28,548318,16475,321723,210120,19459,380,12010,7069
159,India,2020-06-29,566840,16893,334822,215125,18522,418,13099,5005
160,India,2020-06-30,585481,17400,347912,220169,18641,507,13090,5044
161,India,2020-07-01,604641,17834,359860,226947,19160,434,11948,6778
162,India,2020-07-02,625544,18213,379892,227439,20903,379,20032,492
163,India,2020-07-03,648315,18655,394227,235433,22771,442,14335,7994
164,India,2020-07-04,673165,19268,409083,244814,24850,613,14856,9381
165,India,2020-07-05,697413,19693,424433,253287,24248,425,15350,8473
166,India,2020-07-06,719664,20159,439934,259571,22251,466,15501,6284
167,India,2020-07-07,742417,20642,456831,264944,22753,483,16897,5373
168,India,2020-07-08,767296,21129,476378,269789,24879,487,19547,4845
169,India,2020-07-09,793802,21604,495513,276685,26506,475,19135,6896
170,India,2020-07-10,820916,22123,515386,283407,27114,519,19873,6722
171,India,2020-07-11,849522,22673,534618,292231,28606,550,19232,8824
172,India,2020-07-12,878254,23174,553471,301609,28732,501,18853,9378
173,India,2020-07-13,906752,23727,571460,311565,28498,553,17989,9956
174,India,2020-07-14,936181,24309,592032,319840,29429,582,20572,8275
175,India,2020-07-15,968857,24914,612768,331175,32676,605,20736,11335
176,India,2020-07-16,1003832,25602,635757,342473,34975,688,22989,11298
177,India,2020-07-17,1039084,26273,653751,359060,35252,671,17994,16587
178,India,2020-07-18,1077781,26816,677423,373542,38697,543,23672,14482
179,India,2020-07-19,1118206,27497,700087,390622,40425,681,22664,17080
180,India,2020-07-20,1155338,28082,724578,402678,37132,585,24491,12056
181,India,2020-07-21,1193078,28732,753050,411296,37740,650,28472,8618
182,India,2020-07-22,1238798,29861,782607,426330,45720,1129,29557,15034
183,India,2020-07-23,1288108,30601,817209,440298,49310,740,34602,13968
184,India,2020-07-24,1337024,31358,849432,456234,48916,757,32223,15936
185,India,2020-07-25,1385635,32060,885573,468002,48611,702,36141,11768
186,India,2020-07-26,1435616,32771,917568,485277,49981,711,31995,17275
187,India,2020-07-27,1480073,33408,951166,495499,44457,637,33598,10222
188,India,2020-07-28,1531669,34193,988029,509447,51596,785,36863,13948
189,India,2020-07-29,1581963,34955,1019735,527273,50294,762,31706,17826
190,India,2020-07-30,1634746,35718,1055348,543680,52783,763,35613,16407
191,India,2020-07-31,1695988,36511,1094374,565103,61242,793,39026,21423
192,India,2020-08-01,1750723,37364,1145629,567730,54735,853,51255,2627
193,India,2020-08-02,1803695,38135,1186203,579357,52972,771,40574,11627
194,India,2020-08-03,1855745,38938,1230509,586298,52050,803,44306,6941
195,India,2020-08-04,1908254,39795,1282215,586244,52509,857,51706,0
196,India,2020-08-05,1964536,40699,1328336,595501,56282,904,46121,9257
197,India,2020-08-06,2027074,41585,1378105,607384,62538,886,49769,11883
198,India,2020-08-07,2088611,42518,1427005,619088,61537,933,48900,11704
199,India,2020-08-08,2153010,43379,1480884,628747,64399,861,53879,9659
200,India,2020-08-09,2215074,44386,1535743,634945,62064,1007,54859,6198
201,India,2020-08-10,2268675,45257,1583489,639929,53601,871,47746,4984
202,India,2020-08-11,2329638,46091,1639599,643948,60963,834,56110,4019
203,India,2020-08-12,2396637,47033,1695982,653622,66999,942,56383,9674
204,India,2020-08-13,2461190,48040,1751555,661595,64553,1007,55573,7973
205,India,2020-08-14,2525922,49036,1808936,667950,64732,996,57381,6355
206,India,2020-08-15,2589952,49980,1862258,677714,64030,944,53322,9764
207,India,2020-08-16,2647663,50921,1919842,676900,57711,941,57584,0
208,India,2020-08-17,2702681,51797,1977671,673213,55018,876,57829,0
209,India,2020-08-18,2767253,52888,2037816,676549,64572,1091,60145,3336
210,India,2020-08-19,2836925,53866,2096664,686395,69672,978,58848,9846
211,India,2020-08-20,2905825,54849,2158946,692030,68900,983,62282,5635
212,India,2020-08-21,2975701,55794,2222577,697330,69876,945,63631,5300
213,India,2020-08-22,3044940,56706,2280566,707668,69239,912,57989,10338
214,India,2020-08-23,3106348,57542,2338035,710771,61408,836,57469,3103
215,India,2020-08-24,3167323,58390,2404585,704348,60975,848,66550,0
216,India,2020-08-25,3224547,59357,2458339,706851,57224,967,53754,2503
217,India,2020-08-26,3310234,60472,2523771,725991,85687,1115,65432,19140
218,India,2020-08-27,3387500,61529,2583948,742023,77266,1057,60177,16032
219,India,2020-08-28,3463972,62550,2648998,752424,76472,1021,65050,10401
220,India,2020-08-29,3542733,63498,2713933,765302,78761,948,64935,12878
221,India,2020-08-30,3621245,64469,2774801,781975,78512,971,60868,16673
222,India,2020-08-31,3691166,65288,2839882,785996,69921,819,65081,4021
223,India,2020-09-01,3769523,66333,2901908,801282,78357,1045,62026,15286
224,India,2020-09-02,3853406,67376,2970492,815538,83883,1043,68584,14256
225,India,2020-09-03,3936747,68472,3037151,831124,83341,1096,66659,15586
226,India,2020-09-04,4023179,69561,3107223,846395,86432,1089,70072,15271
227,India,2020-09-05,4113811,70626,3180865,862320,90632,1065,73642,15925
228,India,2020-09-06,4204613,71642,3250429,882542,90802,1016,69564,20222
229,India,2020-09-07,4280422,72775,3323950,883697,75809,1133,73521,1155
230,India,2020-09-08,4370128,73890,3398844,897394,89706,1115,74894,13697
231,India,2020-09-09,4465863,75062,3471783,919018,95735,1172,72939,21624
232,India,2020-09-10,4562414,76271,3542663,943480,96551,1209,70880,24462
233,India,2020-09-11,4659984,77472,3624196,958316,97570,1201,81533,14836
234,India,2020-09-12,4754356,78586,3702595,973175,94372,1114,78399,14859
235,India,2020-09-13,4846427,79722,3780107,986598,92071,1136,77512,13423
236,India,2020-09-14,4930236,80776,3859399,990061,83809,1054,79292,3463
237,India,2020-09-15,5020359,82066,3942360,995933,90123,1290,82961,5872
238,India,2020-09-16,5118253,83198,4025079,1009976,97894,1132,82719,14043
239,India,2020-09-17,5214677,84372,4112551,1017754,96424,1174,87472,7778
240,India,2020-09-18,5308014,85619,4208431,1013964,93337,1247,95880,0
241,India,2020-09-19,5400619,86752,4303043,1010824,92605,1133,94612,0
242,India,2020-09-20,5487580,87882,4396399,1003299,86961,1130,93356,0
243,India,2020-09-21,5562663,88935,4497867,975861,75083,1053,101468,0
244,India,2020-09-22,5646010,90020,4587613,968377,83347,1085,89746,0
245,India,2020-09-23,5732518,91149,4674987,966382,86508,1129,87374,0
246,India,2020-09-24,5818570,92290,4756164,970116,86052,1141,81177,3734
247,India,2020-09-25,5903932,93379,4849584,960969,85362,1089,93420,0
248,India,2020-09-26,5992532,94503,4941627,956402,88600,1124,92043,0
249,India,2020-09-27,6074702,95542,5016520,962640,82170,1039,74893,6238
250,India,2020-09-28,6145291,96318,5101397,947576,70589,776,84877,0
251,India,2020-09-29,6225763,97497,5187825,940441,80472,1179,86428,0
252,India,2020-09-30,6312584,98678,5273201,940705,86821,1181,85376,264
253,India,2020-10-01,6394068,99773,5352078,942217,81484,1095,78877,1512
254,India,2020-10-02,6473544,100842,5427706,944996,79476,1069,75628,2779
255,India,2020-10-03,6549373,101782,5509966,937625,75829,940,82260,0
256,India,2020-10-04,6623815,102685,5586703,934427,74442,903,76737,0
257,India,2020-10-05,6685082,103569,5662490,919023,61267,884,75787,0
258,India,2020-10-06,6757131,104555,5744693,907883,72049,986,82203,0
259,India,2020-10-07,6835655,105526,5827704,902425,78524,971,83011,0
260,India,2020-10-08,6906151,106490,5906069,893592,70496,964,78365,0
261,India,2020-10-09,6979423,107416,5988822,883185,73272,926,82753,0
262,India,2020-10-10,7053806,108334,6077976,867496,74383,918,89154,0
263,India,2020-10-11,7120538,109150,6149535,861853,66732,816,71559,0
264,India,2020-10-12,7175880,109856,6227295,838729,55342,706,77760,0
265,India,2020-10-13,7239389,110586,6301927,826876,63509,730,74632,0
266,India,2020-10-14,7307097,111266,6383441,812390,67708,680,81514,0
267,India,2020-10-15,7370468,112161,6453779,804528,63371,895,70338,0
268,India,2020-10-16,7432680,112998,6524595,795087,62212,837,70816,0
269,India,2020-10-17,7494551,114031,6597209,783311,61871,1033,72614,0
270,India,2020-10-18,7550273,114610,6663608,772055,55722,579,66399,0
271,India,2020-10-19,7597063,115197,6733328,748538,46790,587,69720,0
272,India,2020-10-20,7651107,115914,6795103,740090,54044,717,61775,0
273,India,2020-10-21,7706946,116616,6874518,715812,55839,702,79415,0
274,India,2020-10-22,7761312,117306,6948497,695509,54366,690,73979,0
275,India,2020-10-23,7814682,117956,7016046,680680,53370,650,67549,0
276,India,2020-10-24,7864811,118534,7078123,668154,50129,578,62077,0
277,India,2020-10-25,7909959,119014,7137228,653717,45148,480,59105,0
278,India,2020-10-26,7946429,119502,7201070,625857,36470,488,63842,0
279,India,2020-10-27,7990322,120010,7259509,610803,43893,508,58439,0
280,India,2020-10-28,8040203,120527,7315989,603687,49881,517,56480,0
281,India,2020-10-29,8088851,121090,7373375,594386,48648,563,57386,0
282,India,2020-10-30,8137119,121641,7432829,582649,48268,551,59454,0
283,India,2020-10-31,8184082,122111,7491513,570458,46963,470,58684,0
284,India,2020-11-01,8229313,122607,7544798,561908,45231,496,53285,0
285,India,2020-11-02,8267623,123097,7603121,541405,38310,490,58323,0
286,India,2020-11-03,8313876,123611,7656478,533787,46253,514,53357,0
287,India,2020-11-04,8364086,124315,7711809,527962,50210,704,55331,0
288,India,2020-11-05,8411724,124985,7765966,520773,47638,670,54157,0
289,India,2020-11-06,8462080,125562,7819886,516632,50356,577,53920,0
290,India,2020-11-07,8507754,126121,7868968,512665,45674,559,49082,0
291,India,2020-11-08,8553657,126611,7917373,509673,45903,490,48405,0
292,India,2020-11-09,8591730,127059,7959406,505265,38073,448,42033,0
293,India,2020-11-10,8636011,127571,8013783,494657,44281,512,54377,0
294,India,2020-11-11,8683916,128121,8066501,489294,47905,550,52718,0
295,India,2020-11-12,8728795,128668,8115580,484547,44879,547,49079,0
296,India,2020-11-13,8773479,129188,8163572,480719,44684,520,47992,0
297,India,2020-11-14,8814579,129635,8205728,479216,41100,447,42156,0
298,India,2020-11-15,8845127,130070,8249579,465478,30548,435,43851,0
299,India,2020-11-16,8874290,130519,8290370,453401,29163,449,40791,0
300,India,2020-11-17,8912907,130993,8335109,446805,38617,474,44739,0
301,India,2020-11-18,8958483,131578,8383602,443303,45576,585,48493,0
302,India,2020-11-19,9004365,132162,8428409,443794,45882,584,44807,491
303,India,2020-11-20,9050597,132726,8478124,439747,46232,564,49715,0
304,India,2020-11-21,9095806,133227,8521617,440962,45209,501,43493,1215
305,India,2020-11-22,9139865,133738,8562641,443486,44059,511,41024,2524
306,India,2020-11-23,9177840,134218,8604955,438667,37975,480,42314,0
307,India,2020-11-24,9222216,134699,8642771,444746,44376,481,37816,6079
308,India,2020-11-25,9266705,135223,8679138,452344,44489,524,36367,7598
309,India,2020-11-26,9309787,135715,8718517,455555,43082,492,39379,3211
310,India,2020-11-27,9351109,136200,8759969,454940,41322,485,41452,0
311,India,2020-11-28,9392919,136696,8802267,453956,41810,496,42298,0
312,India,2020-11-29,9431691,137139,8847600,446952,38772,443,45333,0
313,India,2020-11-30,9462809,137621,8889585,435603,31118,482,41985,0
314,India,2020-12-01,9499413,138122,8932647,428644,36604,501,43062,0
315,India,2020-12-02,9534964,138648,8973373,422943,35551,526,40726,0
316,India,2020-12-03,9571559,139188,9016289,416082,36595,540,42916,0
317,India,2020-12-04,9608211,139700,9058822,409689,36652,512,42533,0
318,India,2020-12-05,9644222,140182,9100792,403248,36011,482,41970,0
319,India,2020-12-06,9677203,140573,9139901,396729,32981,391,39109,0
320,India,2020-12-07,9703770,140958,9178946,383866,26567,385,39045,0
321,India,2020-12-08,9735850,141360,9215581,378909,32080,402,36635,0
322,India,2020-12-09,9767371,141772,9253306,372293,31521,412,37725,0
323,India,2020-12-10,9796744,142185,9290809,363750,29373,413,37503,0
324,India,2020-12-11,9826775,142628,9324328,359819,30031,443,33519,0
325,India,2020-12-12,9857029,143019,9357464,356546,30254,391,33136,0
326,India,2020-12-13,9884100,143355,9388159,352586,27071,336,30695,0
327,India,2020-12-14,9906165,143709,9422636,339820,22065,354,34477,0
328,India,2020-12-15,9932547,144096,9456449,332002,26382,387,33813,0
329,India,2020-12-16,9956557,144451,9489740,322366,24010,355,33291,0
330,India,2020-12-17,9979447,144789,9520827,313831,22890,338,31087,0
331,India,2020-12-18,10004599,145136,9550712,308751,25152,347,29885,0
332,India,2020-12-19,10031223,145477,9580402,305344,26624,341,29690,0
333,India,2020-12-20,10055560,145810,9606111,303639,24337,333,25709,0
334,India,2020-12-21,10075116,146111,9636487,292518,19556,301,30376,0
335,India,2020-12-22,10099066,146444,9663382,289240,23950,333,26895,0
336,India,2020-12-23,10123778,146756,9693173,283849,24712,312,29791,0
337,India,2020-12-24,10146845,147092,9717834,281919,23067,336,24661,0
338,India,2020-12-25,10169118,147343,9740108,281667,22273,251,22274,0
339,India,2020-12-26,10187850,147622,9761538,278690,18732,279,21430,0
340,India,2020-12-27,10207871,147901,9782669,277301,20021,279,21131,0
341,India,2020-12-28,10224303,148153,9807569,268581,16432,252,24900,0
342,India,2020-12-29,10244852,148439,9834141,262272,20549,286,26572,0
343,India,2020-12-30,10266674,148738,9860280,257656,21822,299,26139,0
344,India,2020-12-31,10266674,148738,9860280,257656,0,0,0,0
345,India,2021-01-01,10286709,148994,9883461,254254,20035,256,23181,0
346,India,2021-01-02,10323965,149435,9927310,247220,37256,441,43849,0
347,India,2021-01-03,10340469,149649,9946867,243953,16504,214,19557,0
348,India,2021-01-04,10356844,149850,9975958,231036,16375,201,29091,0
349,India,2021-01-05,10374932,150114,9997272,227546,18088,264,21314,0
350,India,2021-01-06,10395278,150336,10016859,228083,20346,222,19587,537
351,India,2021-01-07,10413417,150570,10037398,225449,18139,234,20539,0
352,India,2021-01-08,10413417,150570,10037398,225449,0,0,0,0
353,India,2021-01-09,10450284,150999,10075950,223335,36867,429,38552,0
354,India,2021-01-10,10466595,151160,10092909,222526,16311,161,16959,0
355,India,2021-01-11,10479179,151327,10111294,216558,12584,167,18385,0
356,India,2021-01-12,10495147,151529,10129111,214507,15968,202,17817,0
357,India,2021-01-13,10512093,151727,10146763,213603,16946,198,17652,0
358,India,2021-01-14,10527683,151918,10162738,213027,15590,191,15975,0
359,India,2021-01-15,10542841,152093,10179715,211033,15158,175,16977,0
360,India,2021-01-16,10557985,152274,10196885,208826,15144,181,17170,0
361,India,2021-01-17,10571773,152419,10211342,208012,13788,145,14457,0
362,India,2021-01-18,10581823,152556,10228753,200514,10050,137,17411,0
363,India,2021-01-19,10595639,152718,10245741,197180,13816,162,16988,0
364,India,2021-01-20,10610883,152869,10265706,192308,15244,151,19965,0
365,India,2021-01-21,10625428,153032,10283702,188694,14545,163,17996,0
366,India,2021-01-22,10639684,153184,10300838,185662,14256,152,17136,0
367,India,2021-01-23,10654533,153339,10316786,184408,14849,155,15948,0
368,India,2021-01-24,10667736,153470,10330084,184182,13203,131,13298,0
369,India,2021-01-25,10676838,153587,10345985,177266,9102,117,15901,0
370,India,2021-01-26,10689527,153724,10359305,176498,12689,137,13320,0
371,India,2021-01-27,10701193,153847,10373606,173740,11666,123,14301,0
372,India,2021-01-28,10720048,154010,10394352,171686,18855,163,20746,0
373,India,2021-01-29,10733130,154147,10409146,169837,13082,137,14794,0
374,India,2021-01-30,10746174,154274,10423109,168791,13044,127,13963,0
375,India,2021-01-31,10757610,154392,10434983,168235,11436,118,11874,0
376,India,2021-02-01,10766245,154486,10448406,163353,8635,94,13423,0
377,India,2021-02-02,10777284,154596,10462631,160057,11039,110,14225,0
378,India,2021-02-03,10790183,154703,10480455,155025,12899,107,17824,0
379,India,2021-02-04,10802591,154823,10496308,151460,12408,120,15853,0
380,India,2021-02-05,10814304,154918,10510796,148590,11713,95,14488,0
381,India,2021-02-06,10826363,154996,10522601,148766,12059,78,11805,176
382,India,2021-02-07,10838194,155080,10534505,148609,11831,84,11904,0
383,India,2021-02-08,10847304,155158,10548521,143625,9110,78,14016,0
384,India,2021-02-09,10858371,155252,10561608,141511,11067,94,13087,0
385,India,2021-02-10,10871294,155360,10573372,142562,12923,108,11764,1051
386,India,2021-02-11,10880603,155447,10589230,135926,9309,87,15858,0
387,India,2021-02-12,10892746,155550,10600625,136571,12143,103,11395,645
388,India,2021-02-13,10904940,155642,10611731,137567,12194,92,11106,996
389,India,2021-02-14,10916589,155732,10621220,139637,11649,90,9489,2070
390,India,2021-02-15,10925710,155813,10633025,136872,9121,81,11805,0
391,India,2021-02-16,10937320,155913,10644858,136549,11610,100,11833,0
392,India,2021-02-17,10950201,156014,10656845,137342,12881,101,11987,793
393,India,2021-02-18,10963394,156111,10667741,139542,13193,97,10896,2200
394,India,2021-02-19,10977387,156212,10678048,143127,13993,101,10307,3585
395,India,2021-02-20,10991651,156302,10689715,145634,14264,90,11667,2507
396,India,2021-02-21,11005850,156385,10699410,150055,14199,83,9695,4421
397,India,2021-02-22,11016434,156463,10712665,147306,10584,78,13255,0
398,India,2021-02-23,11030176,156567,10726702,146907,13742,104,14037,0
399,India,2021-02-24,11046914,156705,10738501,151708,16738,138,11799,4801
400,India,2021-02-25,11063491,156825,10750680,155986,16577,120,12179,4278
401,India,2021-02-26,11079979,156938,10763451,159590,16488,113,12771,3604
402,India,2021-02-27,11096731,157051,10775169,164511,16752,113,11718,4921
403,India,2021-02-28,11112241,157157,10786452,168632,15510,106,11283,4121
404,India,2021-03-01,11124527,157248,10798921,168358,12286,91,12469,0
405,India,2021-03-02,11139516,157346,10812044,170126,14989,98,13123,1768
406,India,2021-03-03,11156923,157435,10826075,173413,17407,89,14031,3287
407,India,2021-03-04,11173761,157548,10839894,176319,16838,113,13819,2906
408,India,2021-03-05,11192045,157656,10854126,180263,18284,108,14232,3944
409,India,2021-03-06,11210799,157756,10868520,184523,18754,100,14394,4260
410,India,2021-03-07,11229398,157853,10882798,188747,18599,97,14278,4224
411,India,2021-03-08,11244786,157930,10899394,187462,15388,77,16596,0
412,India,2021-03-09,11262707,158063,10920046,184598,17921,133,20652,0
413,India,2021-03-10,11285561,158189,10938146,189226,22854,126,18100,4628
414,India,2021-03-11,11308846,158306,10953303,197237,23285,117,15157,8011
415,India,2021-03-12,11333728,158446,10973260,202022,24882,140,19957,4785
416,India,2021-03-13,11359048,158607,10989897,210544,25320,161,16637,8522
417,India,2021-03-14,11385339,158725,11007352,219262,26291,118,17455,8718
418,India,2021-03-15,11409831,158856,11027543,223432,24492,131,20191,4170
419,India,2021-03-16,11438734,159044,11045284,234406,28903,188,17741,10974
420,India,2021-03-17,11474605,159216,11063025,252364,35871,172,17741,17958
421,India,2021-03-18,11514331,159370,11083679,271282,39726,154,20654,18918
422,India,2021-03-19,11555284,159558,11107332,288394,40953,188,23653,17112
423,India,2021-03-20,11599130,159755,11130288,309087,43846,197,22956,20693
424,India,2021-03-21,11646081,159967,11151468,334646,46951,212,21180,25559
425,India,2021-03-22,11686796,160166,11181253,345377,40715,199,29785,10731
426,India,2021-03-23,11734058,160441,11205160,368457,47262,275,23907,23080
427,India,2021-03-24,11787534,160692,11231650,395192,53476,251,26490,26735
428,India,2021-03-25,11846652,160949,11264637,421066,59118,257,32987,25874
429,India,2021-03-26,11908910,161240,11295023,452647,62258,291,30386,31581
430,India,2021-03-27,11971624,161552,11323762,486310,62714,312,28739,33663
431,India,2021-03-28,12039644,161843,11355993,521808,68020,291,32231,35498
432,India,2021-03-29,12095855,162114,11393021,540720,56211,271,37028,18912
433,India,2021-03-30,12149335,162468,11434301,552566,53480,354,41280,11846
434,India,2021-03-31,12221665,162927,11474683,584055,72330,459,40382,31489
435,India,2021-04-01,12303131,163396,11525039,614696,81466,469,50356,30641
436,India,2021-04-02,12392260,164110,11569241,658909,89129,714,44202,44213
437,India,2021-04-03,12485509,164623,11629289,691597,93249,513,60048,32688
438,India,2021-04-04,12589067,165101,11682136,741830,103558,478,52847,50233
439,India,2021-04-05,12686049,165547,11732279,788223,96982,446,50143,46393
440,India,2021-04-06,12801785,166177,11792135,843473,115736,630,59856,55250
441,India,2021-04-07,12928574,166862,11851393,910319,126789,685,59258,66846
442,India,2021-04-08,13060542,167642,11913292,979608,131968,780,61899,69289
443,India,2021-04-09,13205926,168436,11990859,1046631,145384,794,77567,67023
444,India,2021-04-10,13358805,169275,12081443,1108087,152879,839,90584,61456
445,India,2021-04-11,13527717,170179,12156529,1201009,168912,904,75086,92922
446,India,2021-04-12,13689453,171058,12253697,1264698,161736,879,97168,63689
447,India,2021-04-13,13873825,172085,12336036,1365704,184372,1027,82339,101006
448,India,2021-04-14,14074564,173123,12429564,1471877,200739,1038,93528,106173
449,India,2021-04-15,14291917,174308,12547866,1569743,217353,1185,118302,97866
450,India,2021-04-16,14526609,175649,12671220,1679740,234692,1341,123354,109997
451,India,2021-04-17,14788003,177150,12809638,1801215,261394,1501,138418,121475
452,India,2021-04-18,15061805,178769,12953817,1929219,273802,1619,144179,128004
453,India,2021-04-19,15320972,180530,13108565,2031877,259167,1761,154748,102658
454,India,2021-04-20,15616130,182553,13276039,2157538,295158,2023,167474,125661
455,India,2021-04-21,15930774,184657,13454880,2291237,314644,2104,178841,133699
456,India,2021-04-22,16263695,186920,13648159,2428616,332921,2263,193279,137379
457,India,2021-04-23,16610481,189544,13867997,2552940,346786,2624,219838,124324
458,India,2021-04-24,16960172,192311,14085110,2682751,349691,2767,217113,129811
459,India,2021-04-25,17313163,195123,14304382,2813658,352991,2812,219272,130907
460,India,2021-04-26,17636186,197894,14556089,2882203,323023,2771,251707,68545
461,India,2021-04-27,17997113,201187,14817240,2978686,360927,3293,261151,96483
462,India,2021-04-28,18376421,204832,15086740,3084849,379308,3645,269500,106163
463,India,2021-04-29,18762976,208330,15384418,3170228,386555,3498,297678,85379
464,India,2021-04-30,19164969,211853,15684406,3268710,401993,3523,299988,98482
465,India,2021-05-01,19557457,215542,15992271,3349644,392488,3689,307865,80934
466,India,2021-05-02,19925517,218959,16292725,3413833,368060,3417,300454,64189
467,India,2021-05-03,20282833,222408,16613292,3447133,357316,3449,320567,33300
468,India,2021-05-04,20664979,226188,16951521,3487270,382146,3780,338229,40137
469,India,2021-05-05,21077410,230168,17280844,3566398,412431,3980,329323,79128
470,India,2021-05-06,21491598,234083,17612351,3645164,414188,3915,331507,78766
471,India,2021-05-07,21892676,238270,17930960,3723446,401078,4187,318609,78282
472,India,2021-05-08,22296081,242347,18317364,3736370,403405,4077,386404,12924
473,India,2021-05-09,22662575,246116,18671222,3745237,366494,3769,353858,8867
474,India,2021-05-10,22992517,249992,19027304,3715221,329942,3876,356082,0
475,India,2021-05-11,23340938,254197,19382642,3704099,348421,4205,355338,0
476,India,2021-05-12,23703665,258317,19734823,3710525,362727,4120,352181,6426
477,India,2021-05-13,24046809,262317,20079599,3704893,343144,4000,344776,0
478,India,2021-05-14,24372907,266207,20432898,3673802,326098,3890,353299,0
479,India,2021-05-15,24684077,270284,20795335,3618458,311170,4077,362437,0
480,India,2021-05-16,24965463,274390,21174076,3516997,281386,4106,378741,0
481,India,2021-05-17,25228996,278719,21596512,3353765,263533,4329,422436,0
482,India,2021-05-18,25496330,283248,21986363,3226719,267334,4529,389851,0
483,India,2021-05-19,25772440,287122,22355440,3129878,276110,3874,369077,0
484,India,2021-05-20,26031991,291331,22712735,3027925,259551,4209,357295,0
485,India,2021-05-21,26289290,295525,23070365,2923400,257299,4194,357630,0
486,India,2021-05-22,26530132,299266,23425467,2805399,240842,3741,355102,0
487,India,2021-05-23,26752447,303720,23728011,2720716,222315,4454,302544,0
488,India,2021-05-24,26948874,307231,24054861,2586782,196427,3511,326850,0
489,India,2021-05-25,27157795,311388,24350816,2495591,208921,4157,295955,0
